{
  "val_macro_f1": 0.665896843725943,
  "test_macro_f1": 0.6030651340996169,
  "best_epoch": 101,
  "seed": 89,
  "restart": 11,
  "alpha": 0.5
}