{
  "name": "random_seed21",
  "nodes": {
    "train": 1069,
    "val": 232,
    "test": 232,
    "total_labeled": 1533
  },
  "checks": {
    "disjoint": true,
    "coverage_full": true,
    "bilateral_cross_fold_pairs": 0,
    "lineage_isolation_ok": null
  },
  "class_proportions_vs_global": {
    "Unknown": {
      "train": 0.6974120769741208,
      "val": 0.15262110152621103,
      "test": 0.14996682149966822
    },
    "Interneuron": {
      "train": 0.6666666666666666,
      "val": 0.16666666666666666,
      "test": 0.16666666666666666
    },
    "Sensory": {
      "train": 0.8,
      "val": 0.0,
      "test": 0.2
    },
    "Glia": {
      "train": 0.5,
      "val": 0.0,
      "test": 0.5
    }
  },
  "leakage_probes": {
    "avg_min_shortest_path_train_to_test": 1.0258620689655173,
    "fraction_test_with_direct_train_neighbor": 0.9741379310344828
  }
}