{
  "name": "random_seed55",
  "nodes": {
    "train": 1067,
    "val": 235,
    "test": 231,
    "total_labeled": 1533
  },
  "checks": {
    "disjoint": true,
    "coverage_full": true,
    "bilateral_cross_fold_pairs": 0,
    "lineage_isolation_ok": null
  },
  "class_proportions_vs_global": {
    "Unknown": {
      "train": 0.6960849369608494,
      "val": 0.15328467153284672,
      "test": 0.15063039150630392
    },
    "Interneuron": {
      "train": 0.6666666666666666,
      "val": 0.16666666666666666,
      "test": 0.16666666666666666
    },
    "Sensory": {
      "train": 0.8,
      "val": 0.2,
      "test": 0.0
    },
    "Glia": {
      "train": 0.5,
      "val": 0.0,
      "test": 0.5
    }
  },
  "leakage_probes": {
    "avg_min_shortest_path_train_to_test": 1.0346320346320346,
    "fraction_test_with_direct_train_neighbor": 0.9696969696969697
  }
}