seed,val_macro_f1,test_macro_f1
13,0.8881295874462162,1.0
21,1.0,1.0
34,1.0,1.0
55,1.0,0.6659589525831564
89,1.0,1.0
