backbone,n_runs,val_macroF1_mean,val_macroF1_ci95_half,val_balAcc_mean,val_balAcc_ci95_half,val_weightedF1_mean,val_weightedF1_ci95_half
gcn,25,0.7785321594276323,,0.8366760140863441,,0.8517719009227785,
gat,25,0.7726879654279846,,0.8401126641836828,,0.8534578916327784,
mlp,25,0.728096357687095,,0.7782241472592979,,0.7984759254956811,
gin,25,0.7173546505349113,,0.8228337656816852,,0.7625897841895825,
sage,25,0.701483091151019,,0.7846500756005776,,0.7528738407289566,
