backbone,val_macroF1_mean,val_balAcc_mean,val_weightedF1_mean,val_macroF1_std,val_balAcc_std,val_weightedF1_std
gcn,0.7785321594276323,0.8366760140863441,0.8517719009227785,0.23480133549000018,0.23314323292813116,0.22015531447531916
gat,0.7726879654279846,0.8401126641836828,0.8534578916327784,0.23593719191084073,0.2197547869957493,0.20981089817210571
mlp,0.7280963576870951,0.7782241472592979,0.7984759254956812,0.2523505502226542,0.21922594530777387,0.26004933688173587
gin,0.7173546505349112,0.8228337656816854,0.7625897841895825,0.32580432028162576,0.1970331716241258,0.31634694339432623
sage,0.701483091151019,0.7846500756005778,0.7528738407289566,0.3046327165118831,0.23730170270217843,0.3131162804372987
