mode,model,val_macro_f1_mean,val_macro_f1_std,test_macro_f1_mean,test_macro_f1_std,test_acc_mean,test_acc_std
lineage_blocked,linsvm,0.4972906058598608,0.1673057744754359,0.478629371360506,0.10208147426807618,0.9714487451599341,0.015787195301672767
lineage_blocked,logreg,0.5305111834183409,0.13989858235514818,0.4884552376081137,0.15184120750299157,0.974876329147863,0.012142980497411866
lineage_blocked,mlp,0.34716185658984805,0.0916209511213002,0.5206548263995378,0.1034286144863239,0.9774611307749096,0.010473210576395775
random,linsvm,0.5204043846407694,0.1557170538526927,0.6399845246675993,0.13711037983241953,0.9896136342940498,0.004999856921833097
random,logreg,0.5805698291579191,0.1926187320192009,0.5820216162090304,0.20466959632652854,0.9904906966062695,0.0036388173740827027
random,mlp,0.3731463746262009,0.10447605714535577,0.5146668171505375,0.2799982454239812,0.9879046195222433,0.008289839568248518
