,val_macroF1,val_macroF1,val_balAcc,val_balAcc,val_weightedF1,val_weightedF1
,mean,std,mean,std,mean,std
seed,,,,,,
13,0.7805164548435917,0.249854701286607,0.838696216106546,0.24735939503987875,0.8540818147015325,0.2327211187851158
21,0.7633091226282789,0.2588205115766524,0.8327803863600133,0.24611780947318432,0.8474580168852162,0.23137738213469883
34,0.7691223020964906,0.2638006394267789,0.8322798284132574,0.2589323605628826,0.8486809992160088,0.24155689334862543
