mode,model,val_macro_f1_mean,val_macro_f1_std,test_macro_f1_mean,test_macro_f1_std
lineage_blocked,GraphSAGE,0.6538265454697385,0.20283513615700544,0.4625788666443277,0.12414069105140614
random,GraphSAGE,0.7248224898341028,0.11208907665259281,0.6600580286114713,0.19309326790432216
