seed,fold,delta
13,0,0.0
13,1,0.14040369028503152
13,2,0.11871130030959753
13,3,0.0
13,4,0.23929119539844457
21,0,0.0
21,1,-0.11337819650751335
21,2,-0.04346103130961737
21,3,0.0
21,4,0.16546416546416542
34,0,0.0
34,1,-0.10593043400884572
34,2,-0.05775928792569657
34,3,0.0
34,4,0.31541901494731683
