seed,fold,delta
13,0,0.0
13,1,0.2538150515194991
13,2,-0.10353535353535354
13,3,0.0
13,4,0.23749999999999993
21,0,0.0
21,1,0.11484283292030772
21,2,-0.045454545454545414
21,3,0.0
21,4,0.17499999999999993
34,0,0.0
34,1,0.033259423503326
34,2,-0.06060606060606061
34,3,0.0
34,4,0.2583333333333333
