metric,mean_delta,std_delta,t_stat,p_value,n
val_macroF1,0.04391736111019219,0.1248722890678678,1.3621213277888053,0.19467438311618854,15
val_balAcc,0.057543645445367095,0.11930579550140294,1.8680197349453183,0.08283177247454018,15
val_weightedF1,0.052338752462893635,0.11371526871141717,1.782584862587652,0.09634415278065374,15
