metric,n_pairs,gcn_mean,mlp_mean,mean_delta,std_delta,t_stat,p_value
val_macroF1,15,0.7785321594276323,0.7280963576870951,0.05043580174053727,0.12170829181498358,1.6049606586432417,0.13081624409350318
val_balAcc,15,0.836676014086344,0.7782241472592979,0.05845186682704616,0.1245084179040861,1.8182152707961938,0.09048662008562532
val_weightedF1,15,0.8517719009227785,0.7984759254956814,0.053295975427097256,0.11704367140313414,1.7635675878456778,0.09960634070970831
