seed,fold,delta
13,0,0.0
13,1,0.031592513130579425
13,2,0.2319363503915499
13,3,0.0
13,4,0.2262674983628311
21,0,0.0
21,1,-0.022620969966484772
21,2,-0.049609454936727304
21,3,0.0
21,4,0.15680615680615673
34,0,0.0
34,1,-0.013617719891678148
34,2,-0.06564150427973048
34,3,0.0
34,4,0.28996841732690803
