seed,val_macro_f1,test_macro_f1,n_restarts
13,0.3894167758846658,0.5209965842877234,12
21,0.5534050179211469,0.7755799755799755,12
34,0.4946018893387314,0.49321266968325794,12
55,0.5541187739463601,0.2468354430379747,12
89,1.0,0.4931506849315068,12
