mode,model,val_macro_f1_mean,val_macro_f1_std,test_macro_f1_mean,test_macro_f1_std
lineage_blocked,GCN_trainSubgraph,0.6655356297727918,0.26178965630289575,0.45098697616620526,0.051382900834801286
random,GCN_trainSubgraph,0.737409510742261,0.18293548755903044,0.4848077149550612,0.16437747290642862
