mse_global_model,mse_identity,mse_ridge_dyn
1.0041983827984793,2.1898419411430052,0.9909900093457642
