mse_hybrid,mse_identity,mse_ridge,mse_no_gene,mse_shuf,flat_corr
0.9879333972930908,2.1759207248687744,0.9740411043167114,0.9857480525970459,0.9879381060600281,0.1220188803424767
