stage,n_neurons,chem_total_synapses,gap_total_synapses,chem_directed_edges,gap_unique_undirected_edges,chem_mean_syn_per_edge,density_chem
L1_1,187,1296,204,775,81,1.6722580645161291,0.022281639928698752
L1_2,194,1895,262,986,122,1.9219066937119675,0.026334063351316703
L1_3,198,2128,214,1012,92,2.102766798418972,0.025944726452340666
L1_4,204,2777,480,1136,206,2.444542253521127,0.027431662320100456
L2,211,4116,826,1515,286,2.716831683168317,0.03419092755585647
L3,216,4456,530,1525,212,2.9219672131147543,0.032838070628768305
adult,222,7455,788,2191,285,3.402555910543131,0.0446577799518976
