num_nodes,num_edges,mod_real,mod_rand
824,14,0.18195151508928267,0.10963482571116367
