{
  "seed": 55,
  "fold": 0,
  "train": {
    "macro_f1": 0.2092377315606707,
    "weighted_f1": 0.04702625740219913,
    "balanced_acc": 0.3924908716874283,
    "accuracy": 0.07220447284345048,
    "per_class_f1": {
      "0": 0.005722460658082976,
      "1": 0.034578146611341634,
      "2": 0.5874125874125874
    },
    "majority_balAcc": 0.3333333333333333
  },
  "val": {
    "macro_f1": 1.0,
    "weighted_f1": 1.0,
    "balanced_acc": 1.0,
    "accuracy": 1.0,
    "per_class_f1": {
      "1": 1.0
    },
    "majority_balAcc": 1.0
  },
  "best_epoch": 0
}