{
  "seed": 55,
  "fold": 1,
  "train": {
    "macro_f1": 0.6657407407407407,
    "weighted_f1": 0.6683641975308642,
    "balanced_acc": 0.6738018415046825,
    "accuracy": 0.6666666666666666,
    "per_class_f1": {
      "1": 0.6833333333333333,
      "2": 0.6481481481481481
    },
    "majority_balAcc": 0.5
  },
  "val": {
    "macro_f1": 0.6293929064199335,
    "weighted_f1": 0.9755023177452725,
    "balanced_acc": 0.9362527716186253,
    "accuracy": 0.9629893238434164,
    "per_class_f1": {
      "0": 0.9810080350620891,
      "2": 0.2777777777777778
    },
    "majority_balAcc": 0.5
  },
  "best_epoch": 7
}