{
  "seed": 13,
  "fold": 1,
  "train": {
    "macro_f1": 0.8973141172617098,
    "weighted_f1": 0.9010751575959223,
    "balanced_acc": 0.8865979381443299,
    "accuracy": 0.9035087719298246,
    "per_class_f1": {
      "1": 0.9225352112676056,
      "2": 0.872093023255814
    },
    "majority_balAcc": 0.5
  },
  "val": {
    "macro_f1": 0.516073478760046,
    "weighted_f1": 0.9483475041981442,
    "balanced_acc": 0.686383200730403,
    "accuracy": 0.9145907473309609,
    "per_class_f1": {
      "0": 0.9552238805970149,
      "2": 0.07692307692307693
    },
    "majority_balAcc": 0.5
  },
  "best_epoch": 54
}