{
  "seed": 89,
  "fold": 4,
  "train": {
    "macro_f1": 0.725867337560886,
    "weighted_f1": 0.9252589844514602,
    "balanced_acc": 0.7236808995513201,
    "accuracy": 0.9240025332488917,
    "per_class_f1": {
      "0": 0.9670250896057347,
      "1": 0.6625,
      "2": 0.5480769230769231
    },
    "majority_balAcc": 0.3333333333333333
  },
  "val": {
    "macro_f1": 0.642134635507499,
    "weighted_f1": 0.6472890749137697,
    "balanced_acc": 0.6416666666666666,
    "accuracy": 0.6481481481481481,
    "per_class_f1": {
      "1": 0.6885245901639344,
      "2": 0.5957446808510638
    },
    "majority_balAcc": 0.5
  },
  "best_epoch": 11
}