{
  "seed": 55,
  "fold": 4,
  "train": {
    "macro_f1": 0.20778577220010633,
    "weighted_f1": 0.07574227476734205,
    "balanced_acc": 0.4275537873525004,
    "accuracy": 0.09563014566181127,
    "per_class_f1": {
      "0": 0.05034965034965035,
      "1": 0.07511737089201878,
      "2": 0.4978902953586498
    },
    "majority_balAcc": 0.3333333333333333
  },
  "val": {
    "macro_f1": 0.6662087912087913,
    "weighted_f1": 0.6675824175824177,
    "balanced_acc": 0.6708333333333334,
    "accuracy": 0.6666666666666666,
    "per_class_f1": {
      "1": 0.6785714285714286,
      "2": 0.6538461538461539
    },
    "majority_balAcc": 0.5
  },
  "best_epoch": 1
}