{
  "seed": 89,
  "fold": 0,
  "train": {
    "macro_f1": 0.07301098407971363,
    "weighted_f1": 0.012523463778695334,
    "balanced_acc": 0.35934744268077595,
    "accuracy": 0.0670926517571885,
    "per_class_f1": {
      "0": 0.0,
      "1": 0.09014084507042254,
      "2": 0.12889210716871832
    },
    "majority_balAcc": 0.3333333333333333
  },
  "val": {
    "macro_f1": 1.0,
    "weighted_f1": 1.0,
    "balanced_acc": 1.0,
    "accuracy": 1.0,
    "per_class_f1": {
      "1": 1.0
    },
    "majority_balAcc": 1.0
  },
  "best_epoch": 0
}