{
  "seed": 13,
  "fold": 4,
  "train": {
    "macro_f1": 0.689550492198213,
    "weighted_f1": 0.9183819803502328,
    "balanced_acc": 0.6946458531895411,
    "accuracy": 0.9183027232425586,
    "per_class_f1": {
      "0": 0.9670250896057347,
      "1": 0.5620915032679739,
      "2": 0.5395348837209303
    },
    "majority_balAcc": 0.3333333333333333
  },
  "val": {
    "macro_f1": 0.8332761578044596,
    "weighted_f1": 0.8336192109777016,
    "balanced_acc": 0.8416666666666667,
    "accuracy": 0.8333333333333334,
    "per_class_f1": {
      "1": 0.8363636363636363,
      "2": 0.8301886792452831
    },
    "majority_balAcc": 0.5
  },
  "best_epoch": 16
}