{
  "seed": 89,
  "fold": 2,
  "train": {
    "macro_f1": 0.09977646434795788,
    "weighted_f1": 0.018105219101724745,
    "balanced_acc": 0.38397581254724117,
    "accuracy": 0.06826801517067003,
    "per_class_f1": {
      "0": 0.0,
      "1": 0.21285140562248997,
      "2": 0.08647798742138364
    },
    "majority_balAcc": 0.3333333333333333
  },
  "val": {
    "macro_f1": 0.5203761755485893,
    "weighted_f1": 0.5010141987829614,
    "balanced_acc": 0.6237373737373737,
    "accuracy": 0.5294117647058824,
    "per_class_f1": {
      "1": 0.45454545454545453,
      "2": 0.5862068965517241
    },
    "majority_balAcc": 0.5
  },
  "best_epoch": 0
}