{
  "seed": 55,
  "fold": 2,
  "train": {
    "macro_f1": 0.9042346542346542,
    "weighted_f1": 0.96876108159294,
    "balanced_acc": 0.8779826293661096,
    "accuracy": 0.9696586599241467,
    "per_class_f1": {
      "0": 0.9829059829059829,
      "1": 0.8409090909090909,
      "2": 0.8888888888888888
    },
    "majority_balAcc": 0.3333333333333333
  },
  "val": {
    "macro_f1": 0.44191919191919193,
    "weighted_f1": 0.49019607843137253,
    "balanced_acc": 0.44191919191919193,
    "accuracy": 0.49019607843137253,
    "per_class_f1": {
      "1": 0.6060606060606061,
      "2": 0.2777777777777778
    },
    "majority_balAcc": 0.5
  },
  "best_epoch": 40
}