{
  "seed": 21,
  "fold": 4,
  "train": {
    "macro_f1": 0.6715335696669266,
    "weighted_f1": 0.9152251032619944,
    "balanced_acc": 0.6761404312187725,
    "accuracy": 0.915136162127929,
    "per_class_f1": {
      "0": 0.9670250896057347,
      "1": 0.5359477124183006,
      "2": 0.5116279069767442
    },
    "majority_balAcc": 0.3333333333333333
  },
  "val": {
    "macro_f1": 0.8148148148148148,
    "weighted_f1": 0.8148148148148148,
    "balanced_acc": 0.825,
    "accuracy": 0.8148148148148148,
    "per_class_f1": {
      "1": 0.8148148148148148,
      "2": 0.8148148148148148
    },
    "majority_balAcc": 0.5
  },
  "best_epoch": 1
}