{
  "seed": 34,
  "fold": 2,
  "train": {
    "macro_f1": 0.6851828013230082,
    "weighted_f1": 0.9184573214799766,
    "balanced_acc": 0.7013100090984903,
    "accuracy": 0.915929203539823,
    "per_class_f1": {
      "0": 0.9685807150595883,
      "1": 0.6213592233009708,
      "2": 0.4656084656084656
    },
    "majority_balAcc": 0.3333333333333333
  },
  "val": {
    "macro_f1": 0.38503118503118505,
    "weighted_f1": 0.4346826464473524,
    "balanced_acc": 0.3838383838383838,
    "accuracy": 0.43137254901960786,
    "per_class_f1": {
      "1": 0.5538461538461539,
      "2": 0.21621621621621623
    },
    "majority_balAcc": 0.5
  },
  "best_epoch": 1
}