{
  "seed": 34,
  "fold": 1,
  "train": {
    "macro_f1": 0.7054263565891472,
    "weighted_f1": 0.7112063103495172,
    "balanced_acc": 0.7066183993074684,
    "accuracy": 0.7105263157894737,
    "per_class_f1": {
      "1": 0.7441860465116279,
      "2": 0.6666666666666666
    },
    "majority_balAcc": 0.5
  },
  "val": {
    "macro_f1": 0.6273041676468085,
    "weighted_f1": 0.9751031386549902,
    "balanced_acc": 0.9358940915612364,
    "accuracy": 0.9622775800711744,
    "per_class_f1": {
      "0": 0.9806357325538911,
      "2": 0.273972602739726
    },
    "majority_balAcc": 0.5
  },
  "best_epoch": 131
}