{
  "seed": 13,
  "fold": 2,
  "train": {
    "macro_f1": 0.7662508641399369,
    "weighted_f1": 0.9351205102213184,
    "balanced_acc": 0.7775993866381241,
    "accuracy": 0.9336283185840708,
    "per_class_f1": {
      "0": 0.9715520345696795,
      "1": 0.6961325966850829,
      "2": 0.6310679611650486
    },
    "majority_balAcc": 0.3333333333333333
  },
  "val": {
    "macro_f1": 0.412828947368421,
    "weighted_f1": 0.4568498452012384,
    "balanced_acc": 0.4116161616161616,
    "accuracy": 0.45098039215686275,
    "per_class_f1": {
      "1": 0.5625,
      "2": 0.2631578947368421
    },
    "majority_balAcc": 0.5
  },
  "best_epoch": 36
}