{
  "seed": 55,
  "fold": 3,
  "train": {
    "macro_f1": 0.15025512607531608,
    "weighted_f1": 0.023926814660443958,
    "balanced_acc": 0.40433731306499127,
    "accuracy": 0.07351077313054499,
    "per_class_f1": {
      "0": 0.004294917680744453,
      "1": 0.10392902408111533,
      "2": 0.3425414364640884
    },
    "majority_balAcc": 0.3333333333333333
  },
  "val": {
    "macro_f1": 1.0,
    "weighted_f1": 1.0,
    "balanced_acc": 1.0,
    "accuracy": 1.0,
    "per_class_f1": {
      "2": 1.0
    },
    "majority_balAcc": 1.0
  },
  "best_epoch": 0
}