{
  "seed": 89,
  "fold": 1,
  "train": {
    "macro_f1": 0.736354193206985,
    "weighted_f1": 0.7416997356885148,
    "balanced_acc": 0.7373494924057606,
    "accuracy": 0.7412280701754386,
    "per_class_f1": {
      "1": 0.7722007722007722,
      "2": 0.700507614213198
    },
    "majority_balAcc": 0.5
  },
  "val": {
    "macro_f1": 0.6397199577789837,
    "weighted_f1": 0.9789614815886613,
    "balanced_acc": 0.8943850267379679,
    "accuracy": 0.9693950177935943,
    "per_class_f1": {
      "0": 0.9843579483448527,
      "2": 0.29508196721311475
    },
    "majority_balAcc": 0.5
  },
  "best_epoch": 15
}