{
  "seed": 34,
  "fold": 4,
  "train": {
    "macro_f1": 0.6955719311110959,
    "weighted_f1": 0.9199072961225561,
    "balanced_acc": 0.6968494553903023,
    "accuracy": 0.9195693476884104,
    "per_class_f1": {
      "0": 0.9673951988534576,
      "1": 0.5859872611464968,
      "2": 0.5333333333333333
    },
    "majority_balAcc": 0.3333333333333333
  },
  "val": {
    "macro_f1": 0.8332761578044596,
    "weighted_f1": 0.8336192109777016,
    "balanced_acc": 0.8416666666666667,
    "accuracy": 0.8333333333333334,
    "per_class_f1": {
      "1": 0.8363636363636363,
      "2": 0.8301886792452831
    },
    "majority_balAcc": 0.5
  },
  "best_epoch": 19
}