{
  "seed": 21,
  "fold": 1,
  "train": {
    "macro_f1": 0.6895424836601307,
    "weighted_f1": 0.6944157780071093,
    "balanced_acc": 0.6926890690170773,
    "accuracy": 0.6929824561403509,
    "per_class_f1": {
      "1": 0.7222222222222222,
      "2": 0.6568627450980392
    },
    "majority_balAcc": 0.5
  },
  "val": {
    "macro_f1": 0.5889018509581587,
    "weighted_f1": 0.9656254244100276,
    "balanced_acc": 0.927285770183905,
    "accuracy": 0.9451957295373665,
    "per_class_f1": {
      "0": 0.9716181349060081,
      "2": 0.20618556701030927
    },
    "majority_balAcc": 0.5
  },
  "best_epoch": 15
}