{
  "accuracy": 0.9803921568627451,
  "macro_f1": 0.8438872431466591,
  "per_class_f1": {
    "Interneuron": 0.9411764705882353,
    "Sensory": 0.4444444444444444,
    "Motor": 0.0,
    "Glia": 1.0,
    "Unknown": 0.9899280575539569
  },
  "confusion_matrix": [
    [
      8,
      0,
      0,
      0,
      0
    ],
    [
      0,
      8,
      0,
      0,
      0
    ],
    [
      0,
      0,
      0,
      0,
      0
    ],
    [
      0,
      0,
      0,
      2,
      0
    ],
    [
      1,
      20,
      0,
      0,
      1032
    ]
  ],
  "report": {
    "Interneuron": {
      "precision": 0.8888888888888888,
      "recall": 1.0,
      "f1-score": 0.9411764705882353,
      "support": 8.0
    },
    "Sensory": {
      "precision": 0.2857142857142857,
      "recall": 1.0,
      "f1-score": 0.4444444444444444,
      "support": 8.0
    },
    "Motor": {
      "precision": 0.0,
      "recall": 0.0,
      "f1-score": 0.0,
      "support": 0.0
    },
    "Glia": {
      "precision": 1.0,
      "recall": 1.0,
      "f1-score": 1.0,
      "support": 2.0
    },
    "Unknown": {
      "precision": 1.0,
      "recall": 0.98005698005698,
      "f1-score": 0.9899280575539569,
      "support": 1053.0
    },
    "accuracy": 0.9803921568627451,
    "macro avg": {
      "precision": 0.6349206349206349,
      "recall": 0.7960113960113959,
      "f1-score": 0.6751097945173272,
      "support": 1071.0
    },
    "weighted avg": {
      "precision": 0.9938345708653831,
      "recall": 0.9803921568627451,
      "f1-score": 0.9855081343833595,
      "support": 1071.0
    }
  }
}