state,frac_mass_in_union,p_perm
basal,1.0,0.1386806596701649
npr10,1.0,0.1401799100449775
