size_bin,count_Basal,cov_mean_Basal,cov_std_Basal,count_NPR10,cov_mean_NPR10,cov_std_NPR10
"[0, 3)",0,,,0,,
"[3, 5)",22,0.006313131313131313,0.011914778534135795,22,0.006313131313131313,0.011914778534135795
"[5, 8)",19,0.017543859649122806,0.031001966722356573,19,0.02046783625730994,0.030488289122060527
"[8, 13)",27,0.037037037037037035,0.03613575753266615,27,0.046296296296296294,0.03613575753266615
"[13, 21)",43,0.06524547803617571,0.052454356061300805,43,0.07687338501291989,0.05101742956651175
"[21, 9999)",307,0.500542888165038,0.31019893449901703,307,0.5042526239594644,0.3011742923459091
