,Motif,GNN_Corr,MLP_Corr,Gain
0,Reciprocal,0.0018044882,0.9999997,-0.99819523
1,Hub_Div,0.12619483,0.86471254,-0.7385177
2,Hub_Conv,0.49607825,0.8019556,-0.30587733
