MotifClass,F-statistic,p-value
Unclassified ❓,26.42396174290094,1.1582866459270243e-16
